快搭审批,6454705,公司/美团/核心本地商业/基础研发平台/研发质量与效率部/测试工具组
快搭审批,6116956,公司/美团/核心本地商业/业务研发平台/酒旅技术部/增长组
快搭审批,4182127,公司/美团/核心本地商业/基础研发平台/企业平台研发部/HR和CAP产研/CAP研发/采购和法务研发
快搭审批,1235202,公司/美团/核心本地商业/基础研发平台/企业平台研发部/办公效率/办公效率后端/内容应用
快搭审批,856160,公司/美团/食杂零售/研发部/优选物流研发组/供应链研发组
快搭审批,622944,公司/美团/核心本地商业/基础研发平台/企业平台研发部/IT服务运营/IT效能
快搭审批,517054,公司/美团/核心本地商业/业务研发平台/闪购技术部/商家研发组/入驻系统组
快搭审批,319172,公司/美团/核心本地商业/业务研发平台/医药技术部/营销交易组/营销增长组
快搭审批,278149,公司/美团/核心本地商业/业务研发平台/闪购技术部/多渠道SaaS研发组/SaaS基建研发组
快搭审批,251535,公司/美团/核心本地商业/业务研发平台/业务系统平台部/供应链商品平台/门票组
快搭审批,190627,公司/美团/核心本地商业/业务研发平台/闪购技术部/多渠道SaaS研发组/SaaS基建研发组
快搭审批,138538,公司/美团/软硬件服务/骑行事业部/技术部/业务研发中心/库外运营研发组
快搭审批,118464,公司/美团/食杂零售/研发部/平台研发组/基础运营研发组
快搭审批,62250,公司/美团/核心本地商业/基础研发平台/企业平台研发部/HR和CAP产研/CAP研发/外事和风险廉正研发
快搭审批,58448,公司/美团/食杂零售/研发部/平台研发组/财务研发组/快驴财务研发组
快搭审批,41313,公司/美团/食杂零售/研发部/小象研发组/供应链研发组/仓储研发组
快搭审批,41155,公司/美团/核心本地商业/基础研发平台/研发质量与效率部/测试工具组/研发环境组
快搭审批,31672,公司/美团/食杂零售/研发部/平台研发组/财务研发组/账务研发组
快搭审批,29277,公司/美团/食杂零售/研发部/平台研发组/劳动力研发组
快搭审批,27232,公司/美团/软硬件服务/骑行事业部/技术部/运营环境研发中心
快搭审批,23087,公司/美团/食杂零售/研发部/平台研发组/财务研发组/账务研发组
快搭审批,19802,公司/美团/食杂零售/研发部/优选商城研发组/营销研发组
快搭审批,18692,公司/美团/食杂零售/研发部/平台研发组/财务研发组/账务研发组
快搭审批,17106,公司/美团/核心本地商业/基础研发平台/企业平台研发部/HR和CAP产研/CAP研发/行政研发
快搭审批,15384,公司/美团/自动车配送部/自动驾驶算法/高精地图和定位/动态地图服务
快搭审批,13697,公司/美团/食杂零售/研发部/小象研发组/供应链研发组/基础研发组
快搭审批,13355,公司/美团/财务平台/财务科技/财务研发/账务技术
快搭审批,11751,公司/美团/核心本地商业/业务研发平台/交易系统平台部/营销中心/招商研发组
快搭审批,10933,公司/美团/核心本地商业/业务研发平台/闪购技术部/物流研发组/仓配履约组
快搭审批,10453,公司/美团/核心本地商业/基础研发平台/企业平台研发部/办公效率/办公效率后端/基础服务
快搭审批,10314,公司/美团/食杂零售/优选事业部/研发部/测试组/测试工具链组
快搭审批,10292,公司/美团/食杂零售/研发部/平台研发组/劳动力研发组
快搭审批,10136,公司/美团/核心本地商业/业务研发平台/闪购技术部/商家研发组
快搭审批,9232,公司/美团/核心本地商业/基础研发平台/信息安全部/流量和身份可信/流量攻防/信息研发
快搭审批,9067,公司/美团/核心本地商业/业务研发平台/美团平台技术部/视频技术部/M26技术中心/商家后端组/开播方案研发组
快搭审批,9012,公司/美团/核心本地商业/业务研发平台/交易系统平台部/结算中心/结算平台组
快搭审批,7856,公司/美团/食杂零售/研发部/小象研发组/用户研发组/增长研发组
快搭审批,7429,公司/美团/金融服务平台/技术平台/微贷研发/微贷助贷研发
快搭审批,5037,公司/美团/核心本地商业/业务研发平台/成都研发中心/合作商研发组
快搭审批,4885,公司/美团/食杂零售/研发部/平台研发组/财务研发组/账务研发组
快搭审批,4784,公司/美团/核心本地商业/基础研发平台/计算和智能平台部/语音交互部/工程技术中心/对话机器人平台组
快搭审批,4747,公司/美团/食杂零售/优选事业部/研发部/平台研发组/基础运营研发组
快搭审批,4468,公司/美团/核心本地商业/基础研发平台/企业平台研发部/HR和CAP产研/CAP研发/行政研发
快搭审批,4300,公司/美团/软硬件服务/骑行事业部/技术部/业务研发中心/交易服务组
快搭审批,3434,公司/美团/财务平台/财务科技/财务研发/内控技术
快搭审批,2962,公司/美团/核心本地商业/业务研发平台/闪购技术部/商品研发组/商货品基础组
快搭审批,2905,公司/美团/核心本地商业/业务研发平台/美团平台技术部/App技术部/平台技术中心/终端后台组
快搭审批,2836,公司/美团/食杂零售/研发部/平台研发组/财务研发组/优选财务研发组
快搭审批,2681,公司/美团/食杂零售/优选事业部/研发部/平台研发组/财务研发组/优选财务研发组
快搭审批,2479,公司/美团/核心本地商业/基础研发平台/信息安全部/安全技术/基础安全技术
快搭审批,2436,公司/美团/核心本地商业/业务研发平台/质效技术部/质量工程部/业务保障平台研发组
快搭审批,1970,公司/美团/食杂零售/优选事业部/研发部/平台研发组/基础运营研发组
快搭审批,1912,公司/美团/软硬件服务/充电宝业务部/技术组/前端组
快搭审批,1832,公司/美团/核心本地商业/基础研发平台/企业平台研发部/办公效率/办公效率后端/沟通平台
快搭审批,1784,公司/美团/核心本地商业/基础研发平台/计算和智能平台部/语音交互部/工程技术中心/语音引擎架构组
快搭审批,1774,公司/美团/核心本地商业/业务研发平台/闪购技术部/物流研发组/仓配履约组
快搭审批,1471,公司/美团/核心本地商业/基础研发平台/研发质量与效率部/产品研发流程管理组/研发过程管理组
快搭审批,1353,公司/美团/核心本地商业/基础研发平台/企业平台研发部/HR和CAP产研/CAP研发/外事和风险廉正研发
快搭审批,1344,公司/美团/点评事业部/技术部/笔记业务研发/作者运营技术
快搭审批,1319,公司/美团/软硬件服务/骑行事业部/技术部/基础服务研发中心/IoT研发组
快搭审批,1289,公司/美团/食杂零售/研发部/平台研发组/财务研发组/小象财务研发组
快搭审批,1084,公司/美团/核心本地商业/业务研发平台/美团平台技术部/服体技术部/前端技术中心/通讯和数仓前端组
快搭审批,969,公司/美团/核心本地商业/业务研发平台/业务系统平台部/销售支持平台/到综组
快搭审批,932,公司/美团/核心本地商业/基础研发平台/计算和智能平台部/语音交互部/工程技术中心/语音引擎架构组
快搭审批,924,公司/美团/核心本地商业/基础研发平台/企业平台研发部/HR和CAP产研/CAP研发/外事和风险廉正研发
快搭审批,888,公司/美团/金融服务平台/技术平台/风险研发/决策平台研发
快搭审批,879,公司/美团/食杂零售/研发部/平台研发组/财务研发组/账务研发组
快搭审批,873,公司/美团/食杂零售/研发部/平台研发组/劳动力研发组
快搭审批,825,公司/美团/核心本地商业/基础研发平台/信息安全部/安全技术/智能决策技术
快搭审批,821,公司/美团/食杂零售/优选事业部/研发部/算法组/供应链算法工程组
快搭审批,741,公司/美团/核心本地商业/基础研发平台/研发质量与效率部/产品研发流程管理组/工程效能组
快搭审批,736,公司/美团/核心本地商业/美团平台/平台产品部/游戏和小说部/QQ项目中心/后台和质量组
快搭审批,726,公司/美团/食杂零售/研发部/平台研发组/财务研发组/优选财务研发组
快搭审批,667,公司/美团/核心本地商业/业务研发平台/美团平台技术部/视频技术部/M26技术中心/商品导购组/流量策略组
快搭审批,611,公司/美团/财务平台/财务科技/财务研发/费控技术
快搭审批,565,公司/美团/核心本地商业/基础研发平台/研发质量与效率部/智能开发工具组/MCopilot IDE和插件组
快搭审批,548,公司/美团/核心本地商业/业务研发平台/酒旅技术部/增长组
快搭审批,538,公司/美团/核心本地商业/基础研发平台/企业平台研发部/HR和CAP产研/CAP研发/行政研发
快搭审批,537,公司/美团/食杂零售/研发部/小象研发组/供应链研发组/订货计划研发组
快搭审批,502,公司/美团/食杂零售/研发部/优选商城研发组/展销交易研发组
快搭审批,488,公司/美团/食杂零售/研发部/小象研发组/供应链研发组/基础研发组
快搭审批,463,公司/美团/食杂零售/研发部/平台研发组/财务研发组/小象财务研发组
快搭审批,445,公司/美团/核心本地商业/基础研发平台/企业平台研发部/办公效率/办公效率后端/流程和TT研发组
快搭审批,435,公司/美团/核心本地商业/基础研发平台/企业平台研发部/HR和CAP产研/CAP研发/行政研发
快搭审批,421,公司/美团/金融服务平台/技术平台/风险研发/信贷风险研发
快搭审批,365,公司/美团/核心本地商业/基础研发平台/数据平台部/商业智能平台/数据安全
快搭审批,353,公司/美团/金融服务平台/技术平台/微贷研发/微贷销售研发
快搭审批,339,公司/美团/核心本地商业/业务研发平台/医药技术部/终端研发组/赋能终端组
快搭审批,323,公司/美团/无人机业务部/软件产品研发/云端系统/公共服务
快搭审批,317,公司/美团/核心本地商业/基础研发平台/信息安全部/安全技术/风险解决方案技术
快搭审批,287,公司/美团/金融服务平台/技术平台/业务平台研发/支付保险营销研发/支付营销研发
快搭审批,285,公司/美团/金融服务平台/技术平台/风险研发/信贷风险研发
快搭审批,282,公司/美团/核心本地商业/业务研发平台/医药技术部/营销交易组/营销增长组
快搭审批,278,公司/美团/食杂零售/研发部/平台研发组/财务研发组/财务数据研发组
快搭审批,261,公司/美团/核心本地商业/业务研发平台/闪购技术部/供应链研发组/供应链计划组
快搭审批,239,公司/美团/核心本地商业/基础研发平台/计算和智能平台部/M17/IASA/FAA
快搭审批,231,公司/美团/食杂零售/优选事业部/研发部/小象研发组/用户研发组/营销研发组
快搭审批,213,公司/美团/核心本地商业/业务研发平台/业务系统平台部/销售支持平台/到综组
快搭审批,182,公司/美团/核心本地商业/业务研发平台/搜索和推荐平台部/到家工程组/搜索工程组
快搭审批,175,公司/美团/核心本地商业/业务研发平台/医药技术部/营销交易组/营销增长组
快搭审批,174,公司/美团/核心本地商业/美团平台/地图服务部/POI基础技术部/流程架构组
快搭审批,165,公司/美团/金融服务平台/技术平台/微贷研发/微贷交易研发
快搭审批,162,公司/美团/核心本地商业/基础研发平台/研发质量与效率部/产品研发流程管理组/持续交付组
快搭审批,158,公司/美团/金融服务平台/技术平台/大前端研发/技术平台前端
快搭审批,156,公司/美团/食杂零售/研发部/测试组/测试工具链组
快搭审批,145,公司/美团/核心本地商业/业务研发平台/医药技术部/终端研发组/医疗终端组
快搭审批,144,公司/美团/核心本地商业/业务研发平台/酒旅技术部/住宿研发组/住吧组
快搭审批,141,公司/美团/核心本地商业/美团平台/地图服务部/POI基础技术部/情报与审核工程组/审核工具组
快搭审批,135,公司/美团/核心本地商业/业务研发平台/美团平台技术部/App技术部/终端基础技术中心/标准组件和API组
快搭审批,132,公司/美团/核心本地商业/业务研发平台/交易系统平台部/拼好饭技术组
快搭审批,123,公司/美团/核心本地商业/业务研发平台/到综技术部/用户组/基础产品组
快搭审批,122,公司/美团/金融服务平台/技术平台/微贷研发/微贷架构研发
快搭审批,95,公司/美团/核心本地商业/基础研发平台/数据平台部/业务数据BP/到店数据/数据工程
快搭审批,88,公司/美团/金融服务平台/技术平台/业务平台研发/微贷联名卡营销研发
快搭审批,76,公司/美团/核心本地商业/业务研发平台/商业增值技术部/站外组/工程组
快搭审批,75,公司/美团/核心本地商业/业务研发平台/到餐技术部/用户体验研发组/系统架构组
快搭审批,75,公司/美团/食杂零售/研发部/小象研发组/用户研发组/增长研发组
快搭审批,69,公司/美团/核心本地商业/基础研发平台/企业平台研发部/ERP产研/ERP研发
快搭审批,69,公司/美团/核心本地商业/业务研发平台/业务系统平台部/公共产品技术部
快搭审批,67,公司/美团/核心本地商业/业务研发平台/搜索和推荐平台部/到店搜推工程组
快搭审批,58,公司/美团/核心本地商业/业务研发平台/到综技术部/商家生态组/商家工具组
快搭审批,54,公司/美团/核心本地商业/基础研发平台/企业平台研发部/HR和CAP产研/CAP研发/行政研发
快搭审批,54,公司/美团/食杂零售/研发部/小象研发组/履约研发组
快搭审批,53,公司/美团/核心本地商业/业务研发平台/交易系统平台部/营销中心/供给选品组
快搭审批,52,公司/美团/食杂零售/研发部/平台研发组/AIoT/AIoT平台研发组
快搭审批,49,公司/美团/核心本地商业/基础研发平台/信息安全部/安全技术/智能决策技术
快搭审批,38,公司/美团/软硬件服务/骑行事业部/技术部/基础服务研发中心/IoT研发组
快搭审批,34,公司/美团/核心本地商业/业务研发平台/美团平台技术部/服体技术部/太平洋技术中心/信息平台组
快搭审批,28,公司/美团/金融服务平台/技术平台/风险研发/信贷风险研发
快搭审批,20,公司/美团/核心本地商业/业务研发平台/医药技术部/终端研发组/营销终端组
快搭审批,12,公司/美团/核心本地商业/业务研发平台/医药技术部/终端研发组/营销终端组
快搭审批,10,公司/美团/核心本地商业/基础研发平台/信息安全部/基础安全/终端安全防护
快搭审批,9,公司/美团/金融服务平台/技术平台/风险研发/风险数据研发
快搭审批,6,公司/美团/核心本地商业/基础研发平台/企业平台研发部/HR和CAP产研/CAP研发/行政研发
流程工厂,122250024,公司/美团/核心本地商业/基础研发平台/企业平台研发部/HR和CAP产研/CAP研发/采购和法务研发
流程工厂,24425494,公司/美团/核心本地商业/基础研发平台/企业平台研发部/办公效率/办公效率后端/流程和TT研发组
流程工厂,7722319,公司/美团/核心本地商业/业务研发平台/外卖技术部/企业技术组/企业管控组
流程工厂,6657118,公司/美团/核心本地商业/基础研发平台/基础技术部/数据库研发/数据通道
流程工厂,5418332,公司/美团/财务平台/财务科技/财务研发/费控技术
流程工厂,3999207,公司/美团/财务平台/财务科技/财务研发/资金技术
流程工厂,2718916,公司/美团/核心本地商业/基础研发平台/企业平台研发部/HR和CAP产研/应用平台
流程工厂,2647437,公司/美团/核心本地商业/业务研发平台/美团平台技术部/视频技术部/M26技术中心/商家后端组/开播方案研发组
流程工厂,2067303,公司/美团/财务平台/财务科技/财务研发/税务技术
流程工厂,1793914,公司/美团/财务平台/财务科技/财务研发/税务技术
流程工厂,1749216,公司/美团/核心本地商业/基础研发平台/企业平台研发部/HR和CAP产研/HR研发
流程工厂,1712224,公司/美团/核心本地商业/业务研发平台/业务系统平台部/营销平台/优惠券组
流程工厂,1680750,公司/美团/核心本地商业/基础研发平台/企业平台研发部/办公效率/办公效率后端/内容应用
流程工厂,1663997,公司/美团/财务平台/财务科技/财务研发/税务技术
流程工厂,1470481,公司/美团/核心本地商业/基础研发平台/企业平台研发部/ERP产研/ERP研发
流程工厂,962913,公司/美团/财务平台/财务科技/财务研发/费控技术
流程工厂,891308,公司/美团/核心本地商业/业务研发平台/业务系统平台部/行业合作平台/商家对接组
流程工厂,887821,公司/美团/核心本地商业/基础研发平台/信息安全部/数据安全和合规/安全协同
流程工厂,826295,公司/美团/核心本地商业/基础研发平台/企业平台研发部/HR和CAP产研/HR研发
流程工厂,578321,公司/美团/核心本地商业/基础研发平台/企业平台研发部/HR和CAP产研/HR研发
流程工厂,575379,公司/美团/核心本地商业/基础研发平台/企业平台研发部/HR和CAP产研/CAP研发/行政研发
流程工厂,564876,公司/美团/财务平台/财务科技/财务研发/费控技术
流程工厂,546244,公司/美团/核心本地商业/基础研发平台/企业平台研发部/HR和CAP产研/HR研发
流程工厂,348262,公司/美团/核心本地商业/基础研发平台/企业平台研发部/HR和CAP产研/HR研发
流程工厂,332062,公司/美团/核心本地商业/基础研发平台/企业平台研发部/HR和CAP产研/CAP研发/采购和法务研发
流程工厂,309982,公司/美团/财务平台/财务科技/财务研发/费控技术
流程工厂,305271,公司/美团/食杂零售/研发部/优选商城研发组/商品研发组/选品研发组
流程工厂,298874,公司/美团/核心本地商业/基础研发平台/企业平台研发部/IT服务运营/IT效能
流程工厂,290149,公司/美团/财务平台/财务科技/财务研发/费控技术
流程工厂,287413,公司/美团/核心本地商业/业务研发平台/医药技术部/赋能研发组/采销研发组
流程工厂,275982,公司/美团/核心本地商业/基础研发平台/企业平台研发部/HR和CAP产研/HR研发
流程工厂,247222,公司/美团/核心本地商业/基础研发平台/企业平台研发部/HR和CAP产研/HR研发
流程工厂,245419,公司/美团/核心本地商业/业务研发平台/闪购技术部/多渠道SaaS研发组/SaaS基建研发组
流程工厂,237590,公司/美团/核心本地商业/基础研发平台/企业平台研发部/HR和CAP产研/CAP研发/采购和法务研发
流程工厂,219242,公司/美团/核心本地商业/基础研发平台/企业平台研发部/HR和CAP产研/HR研发
流程工厂,214975,公司/美团/核心本地商业/基础研发平台/企业平台研发部/HR和CAP产研/CAP研发/采购和法务研发
流程工厂,213460,公司/美团/核心本地商业/基础研发平台/企业平台研发部/HR和CAP产研/HR研发
流程工厂,194345,公司/美团/核心本地商业/基础研发平台/企业平台研发部/HR和CAP产研/CAP研发/行政研发
流程工厂,182142,公司/美团/核心本地商业/业务研发平台/闪购技术部/物流研发组/入库在库组
流程工厂,173620,公司/美团/核心本地商业/业务研发平台/闪购技术部/商家研发组/技术合作组
流程工厂,158213,公司/美团/核心本地商业/基础研发平台/企业平台研发部/HR和CAP产研/HR研发
流程工厂,153512,公司/美团/核心本地商业/基础研发平台/企业平台研发部/HR和CAP产研/CAP研发/采购和法务研发
流程工厂,146199,公司/美团/核心本地商业/基础研发平台/企业平台研发部/办公效率/办公效率后端/流程和TT研发组
流程工厂,132600,公司/美团/核心本地商业/基础研发平台/企业平台研发部/HR和CAP产研/CAP研发/采购和法务研发
流程工厂,117503,公司/美团/财务平台/财务科技/财务研发/账务技术
流程工厂,115124,公司/美团/财务平台/财务科技/财务研发/资金技术
流程工厂,113530,公司/美团/财务平台/财务科技/财务研发/账务技术
流程工厂,98318,公司/美团/核心本地商业/基础研发平台/企业平台研发部/HR和CAP产研/CAP研发/采购和法务研发
流程工厂,90908,公司/美团/财务平台/财务科技/财务研发/财管报技术
流程工厂,89821,公司/美团/核心本地商业/业务研发平台/业务系统平台部/营销平台/优惠券组
流程工厂,84694,公司/美团/财务平台/财务科技/财务研发/费控技术
流程工厂,82825,公司/美团/核心本地商业/基础研发平台/企业平台研发部/HR和CAP产研/HR研发
流程工厂,71716,公司/美团/核心本地商业/业务研发平台/医药技术部/赋能研发组/采销研发组
流程工厂,71615,公司/美团/核心本地商业/基础研发平台/企业平台研发部/HR和CAP产研/HR研发
流程工厂,62059,公司/美团/核心本地商业/基础研发平台/企业平台研发部/ERP产研/ERP研发
流程工厂,61367,公司/美团/核心本地商业/业务研发平台/履约平台技术部/决策智能中心/算法平台组
流程工厂,58019,公司/美团/财务平台/财务科技/财务研发/税务技术
流程工厂,51316,公司/美团/食杂零售/研发部/平台研发组/基础运营研发组
流程工厂,50418,公司/美团/核心本地商业/业务研发平台/医药技术部/赋能研发组/采销研发组
流程工厂,46674,公司/美团/财务平台/财务科技/财务研发/资金技术
流程工厂,45830,公司/美团/食杂零售/优选事业部/研发部/优选商城研发组/展销交易研发组
流程工厂,44326,公司/美团/核心本地商业/基础研发平台/企业平台研发部/HR和CAP产研/HR研发
流程工厂,43603,公司/美团/软硬件服务/骑行事业部/技术部/业务研发中心/库内运营研发组
流程工厂,40913,公司/美团/核心本地商业/业务研发平台/医药技术部/赋能研发组/仓配研发组
流程工厂,38195,公司/美团/核心本地商业/业务研发平台/医药技术部/赋能研发组/采销研发组
流程工厂,37846,公司/美团/财务平台/财务科技/财务研发/财管报技术
流程工厂,36639,公司/美团/核心本地商业/基础研发平台/企业平台研发部/HR和CAP产研/CAP研发/采购和法务研发
流程工厂,33932,公司/美团/财务平台/财务科技/财务研发/税务技术
流程工厂,31450,公司/美团/核心本地商业/基础研发平台/企业平台研发部/HR和CAP产研/CAP研发/采购和法务研发
流程工厂,30194,公司/美团/核心本地商业/基础研发平台/企业平台研发部/HR和CAP产研/HR研发
流程工厂,29949,公司/美团/核心本地商业/基础研发平台/企业平台研发部/办公效率/办公效率后端/流程和TT研发组
流程工厂,29334,公司/美团/核心本地商业/业务研发平台/闪购技术部/商家研发组/平台运营组
流程工厂,26640,公司/美团/核心本地商业/业务研发平台/搜索和推荐平台部/团工程部/工程效率组
流程工厂,25351,公司/美团/核心本地商业/业务研发平台/医药技术部/赋能研发组/采销研发组
流程工厂,22269,公司/美团/食杂零售/研发部/小象研发组/商品研发组
流程工厂,20979,公司/美团/核心本地商业/基础研发平台/企业平台研发部/ERP产研/ERP研发
流程工厂,19881,公司/美团/核心本地商业/基础研发平台/企业平台研发部/HR和CAP产研/CAP研发/采购和法务研发
流程工厂,19635,公司/美团/食杂零售/优选事业部/研发部/平台研发组/基础运营研发组
流程工厂,18278,公司/美团/财务平台/财务科技/财务研发/账务技术
流程工厂,17690,公司/美团/食杂零售/研发部/优选物流研发组/供应链研发组
流程工厂,17413,公司/美团/核心本地商业/基础研发平台/企业平台研发部/IT服务运营/IT效能
流程工厂,15121,公司/美团/核心本地商业/基础研发平台/企业平台研发部/HR和CAP产研/HR研发
流程工厂,14293,公司/美团/核心本地商业/基础研发平台/企业平台研发部/HR和CAP产研/HR研发
流程工厂,13069,公司/美团/核心本地商业/业务研发平台/交易系统平台部/会员中心/交易与运营组
流程工厂,13008,公司/美团/核心本地商业/基础研发平台/企业平台研发部/HR和CAP产研/CAP研发/采购和法务研发
流程工厂,12859,公司/美团/软硬件服务/骑行事业部/技术部/质量效能中心/运营环境和资产测试组
流程工厂,12814,公司/美团/财务平台/财务科技/财务研发/资金技术
流程工厂,12806,公司/美团/财务平台/财务科技/财务研发/内控技术
流程工厂,11372,公司/美团/食杂零售/优选事业部/研发部/优选物流研发组/供应链研发组
流程工厂,11044,公司/美团/核心本地商业/美团平台/地图服务部/POI基础技术部/情报与审核工程组/流程平台和服务组
流程工厂,10707,公司/美团/财务平台/财务科技/财务研发/财管报技术
流程工厂,10328,公司/美团/核心本地商业/基础研发平台/企业平台研发部/HR和CAP产研/应用平台
流程工厂,9726,公司/美团/核心本地商业/业务研发平台/Keeta技术部/终端组/商家终端组
流程工厂,9340,公司/美团/核心本地商业/基础研发平台/企业平台研发部/HR和CAP产研/CAP研发/行政研发
流程工厂,8812,公司/美团/食杂零售/研发部/优选商城研发组/营销研发组
流程工厂,8780,公司/美团/核心本地商业/业务研发平台/商业增值技术部/商家及运营系统组/商家投放系统组/到家投放组
流程工厂,8448,公司/美团/核心本地商业/业务研发平台/美团平台技术部/增长技术部/运营技术中心/流量运营组
流程工厂,8098,公司/美团/核心本地商业/业务研发平台/美团平台技术部/增长技术部/运营技术中心/触达平台组
流程工厂,8069,公司/美团/核心本地商业/业务研发平台/交易系统平台部/业务集成组/导购平台组
流程工厂,6918,公司/美团/核心本地商业/业务研发平台/业务系统平台部/交易结算平台/结算基础能力
流程工厂,6719,公司/美团/财务平台/财务科技/财务研发/财管报技术
流程工厂,6428,公司/美团/核心本地商业/业务研发平台/医药技术部/赋能研发组/采销研发组
流程工厂,6252,公司/美团/财务平台/财务科技/财务研发/费控技术
流程工厂,6041,公司/美团/核心本地商业/基础研发平台/计算和智能平台部/M17/IASA/FMA
流程工厂,5968,公司/美团/财务平台/财务科技/财务研发/资金技术
流程工厂,5901,公司/美团/食杂零售/优选事业部/研发部/优选商城研发组/团好货研发组
流程工厂,5775,公司/美团/核心本地商业/基础研发平台/企业平台研发部/HR和CAP产研/HR研发
流程工厂,5222,公司/美团/核心本地商业/基础研发平台/企业平台研发部/HR和CAP产研/HR研发
流程工厂,4838,公司/美团/核心本地商业/基础研发平台/信息安全部/基础安全/应用与基础设施安全
流程工厂,4819,公司/美团/核心本地商业/基础研发平台/企业平台研发部/HR和CAP产研/HR研发
流程工厂,4754,公司/美团/点评事业部/技术部/笔记业务研发/商业技术
流程工厂,4547,公司/美团/核心本地商业/基础研发平台/基础技术部/服务运维/故障管理开发
流程工厂,4394,公司/美团/食杂零售/研发部/平台研发组/AIoT/AIoT平台研发组
流程工厂,4377,公司/美团/核心本地商业/基础研发平台/企业平台研发部/HR和CAP产研/HR研发
流程工厂,4366,公司/美团/核心本地商业/业务研发平台/交易系统平台部/营销中心/券平台组
流程工厂,3904,公司/美团/财务平台/财务科技/财务研发/资金技术
流程工厂,3895,公司/美团/核心本地商业/业务研发平台/闪购技术部/商家研发组/入驻系统组
流程工厂,3674,公司/美团/核心本地商业/业务研发平台/美团平台技术部/网约车技术部/风控结算和营销工程
流程工厂,3541,公司/美团/核心本地商业/业务研发平台/医药技术部/赋能研发组/采销研发组
流程工厂,3503,公司/美团/核心本地商业/业务研发平台/交易系统平台部/会员中心/活动组
流程工厂,3498,公司/美团/核心本地商业/基础研发平台/企业平台研发部/HR和CAP产研/CAP研发/商户和公益研发
流程工厂,3466,公司/美团/核心本地商业/基础研发平台/信息安全部/安全技术/数据安全技术
流程工厂,3340,公司/美团/财务平台/财务科技/财务研发/税务技术
流程工厂,3293,公司/美团/财务平台/财务科技/财务研发/资金技术
流程工厂,3242,公司/美团/财务平台/财务科技/财务研发/财管报技术
流程工厂,3092,公司/美团/核心本地商业/基础研发平台/企业平台研发部/HR和CAP产研/CAP研发/商户和公益研发
流程工厂,3074,公司/美团/核心本地商业/基础研发平台/企业平台研发部/HR和CAP产研/应用平台
流程工厂,2910,公司/美团/核心本地商业/业务研发平台/美团平台技术部/增长技术部/营销技术中心/工具后台组
流程工厂,2910,公司/美团/核心本地商业/业务研发平台/外卖技术部/企业技术组/交易与财务组
流程工厂,2764,公司/美团/食杂零售/研发部/平台研发组/AIoT/AIoT平台研发组
流程工厂,2694,公司/美团/财务平台/财务科技/财务研发/财管报技术
流程工厂,2663,公司/美团/核心本地商业/业务研发平台/成都研发中心/CRM研发组/客户服务组
流程工厂,2489,公司/美团/核心本地商业/基础研发平台/基础技术部/基础设施/资源/供应链工具
流程工厂,2453,公司/美团/财务平台/财务科技/财务研发/税务技术
流程工厂,2400,公司/美团/核心本地商业/基础研发平台/企业平台研发部/HR和CAP产研/HR研发
流程工厂,2338,公司/美团/财务平台/财务科技/财务研发/财管报技术
流程工厂,2231,公司/美团/财务平台/财务科技/财务研发/税务技术
流程工厂,2072,公司/美团/财务平台/财务科技/财务研发/资金技术
流程工厂,2068,公司/美团/软硬件服务/SaaS事业部/SaaS技术部/餐饮软件平台研发组/餐饮数据平台
流程工厂,2014,公司/美团/软硬件服务/骑行事业部/技术部/业务研发中心/资产管理研发组
流程工厂,1999,公司/美团/核心本地商业/基础研发平台/企业平台研发部/HR和CAP产研/HR研发
流程工厂,1799,公司/美团/核心本地商业/业务研发平台/美团平台技术部/网约车技术部/风控结算和营销工程
流程工厂,1655,公司/美团/金融服务平台/技术平台/微贷研发/微贷助贷研发
流程工厂,1623,公司/美团/核心本地商业/基础研发平台/研发质量与效率部/发布和构建工具组/构建工程组
流程工厂,1621,公司/美团/核心本地商业/业务研发平台/交易系统平台部/结算中心/结算平台组
流程工厂,1559,公司/美团/核心本地商业/业务研发平台/业务系统平台部/商家客户平台/商家合作组
流程工厂,1524,公司/美团/核心本地商业/基础研发平台/企业平台研发部/HR和CAP产研/HR研发
流程工厂,1433,公司/美团/核心本地商业/业务研发平台/成都研发中心/合作商研发组
流程工厂,1416,公司/美团/核心本地商业/基础研发平台/研发质量与效率部/产品研发流程管理组/研发过程管理组
流程工厂,1324,公司/美团/核心本地商业/基础研发平台/基础技术部/基础设施/资源/供应链工具
流程工厂,1315,公司/美团/核心本地商业/业务研发平台/医药技术部/赋能研发组/采销研发组
流程工厂,1253,公司/美团/无人机业务部/硬件研发/硬件研发质量
流程工厂,1250,公司/美团/核心本地商业/业务研发平台/业务系统平台部/销售支持平台/到餐组
流程工厂,1238,公司/美团/软硬件服务/SaaS事业部/SaaS技术部/餐饮软件平台研发组/餐饮业务平台/商家服务研发组
流程工厂,1217,公司/美团/点评事业部/技术部/笔记业务研发/作者运营技术
流程工厂,1196,公司/美团/财务平台/财务科技/财务研发/账务技术
流程工厂,1178,公司/美团/核心本地商业/基础研发平台/基础技术部/中间件研发/服务保障
流程工厂,1158,公司/美团/核心本地商业/业务研发平台/闪购技术部/用户研发组/增长工程组
流程工厂,1155,公司/美团/食杂零售/研发部/优选商城研发组/团好货研发组
流程工厂,1138,公司/美团/核心本地商业/业务研发平台/商业增值技术部/商家及运营系统组/商家投放系统组/到家投放组
流程工厂,1136,公司/美团/核心本地商业/业务研发平台/业务系统平台部/行业合作平台/基础能力组
流程工厂,1015,公司/美团/核心本地商业/基础研发平台/企业平台研发部/HR和CAP产研/应用平台
流程工厂,1010,公司/美团/核心本地商业/业务研发平台/医药技术部/赋能研发组/采销研发组
流程工厂,990,公司/美团/财务平台/财务科技/财务研发/资金技术
流程工厂,922,公司/美团/软硬件服务/骑行事业部/技术部/业务研发中心/资产管理研发组
流程工厂,909,公司/美团/点评事业部/技术部/增长技术/平台运营技术
流程工厂,905,公司/美团/核心本地商业/业务研发平台/交易系统平台部/结算中心/结算计费组
流程工厂,903,公司/美团/软硬件服务/SaaS事业部/SaaS技术部/酒店SaaS研发组/业务系统研发组
流程工厂,867,公司/美团/核心本地商业/基础研发平台/企业平台研发部/办公效率/办公效率后端/开放平台
流程工厂,844,公司/美团/核心本地商业/基础研发平台/基础技术部/基础设施/资源/云成本工具
流程工厂,826,公司/美团/财务平台/财务科技/财务研发/内控技术
流程工厂,821,公司/美团/核心本地商业/基础研发平台/企业平台研发部/HR和CAP产研/CAP研发/采购和法务研发
流程工厂,801,公司/美团/食杂零售/优选事业部/研发部/优选物流研发组/仓储研发组
流程工厂,786,公司/美团/核心本地商业/业务研发平台/美团平台技术部/视频技术部/M26技术中心/商家后端组/商家与服务商研发组
流程工厂,781,公司/美团/核心本地商业/业务研发平台/闪购技术部/多渠道SaaS研发组/私域应用研发组
流程工厂,775,公司/美团/核心本地商业/业务研发平台/交易系统平台部/营销中心/招商研发组
流程工厂,759,公司/美团/核心本地商业/业务研发平台/业务系统平台部/行业合作平台/住宿组
流程工厂,644,公司/美团/财务平台/财务科技/财务研发/费控技术
流程工厂,627,公司/美团/软硬件服务/骑行事业部/技术部/业务研发中心/库内运营研发组
流程工厂,624,公司/美团/核心本地商业/基础研发平台/企业平台研发部/HR和CAP产研/HR研发
流程工厂,622,公司/美团/核心本地商业/业务研发平台/成都研发中心/CRM研发组/销售过程组
流程工厂,587,公司/美团/核心本地商业/基础研发平台/研发质量与效率部/产品研发流程管理组/研发效能洞察组
流程工厂,547,公司/美团/核心本地商业/业务研发平台/医药技术部/营销交易组/营销增长组
流程工厂,523,公司/美团/食杂零售/研发部/平台研发组/财务研发组/账务研发组
流程工厂,518,公司/美团/核心本地商业/业务研发平台/商业增值技术部/商家及运营系统组/供给增长系统组
流程工厂,476,公司/美团/食杂零售/研发部/平台研发组/风控内控研发组
流程工厂,417,公司/美团/核心本地商业/业务研发平台/业务系统平台部/营销平台/公共产品技术组
流程工厂,416,公司/美团/核心本地商业/业务研发平台/医药技术部/营销交易组/营销增长组
流程工厂,410,公司/美团/核心本地商业/业务研发平台/美团平台技术部/视频技术部/M26技术中心/直播间组
流程工厂,394,公司/美团/核心本地商业/基础研发平台/企业平台研发部/HR和CAP产研/应用平台
流程工厂,394,公司/美团/核心本地商业/基础研发平台/企业平台研发部/办公效率/办公效率后端/基础服务
流程工厂,376,公司/美团/核心本地商业/业务研发平台/质效技术部/质量效能部/闪购测试组/闪购新业务测试组
流程工厂,367,公司/美团/食杂零售/研发部/平台研发组/财务研发组/账务研发组
流程工厂,367,公司/美团/食杂零售/研发部/小象研发组/供应链研发组/基础研发组
流程工厂,355,公司/美团/核心本地商业/基础研发平台/企业平台研发部/HR和CAP产研/HR研发
流程工厂,354,公司/美团/核心本地商业/业务研发平台/美团平台技术部/App技术部/平台技术中心/业务后台组
流程工厂,348,公司/美团/核心本地商业/业务研发平台/美团平台技术部/视频技术部/M26技术中心/商家前端组/运营端研发组
流程工厂,333,公司/美团/金融服务平台/技术平台/业务平台研发/支付保险营销研发/支付营销研发
流程工厂,331,公司/美团/核心本地商业/业务研发平台/医药技术部/赋能研发组/采销研发组
流程工厂,310,公司/美团/软硬件服务/骑行事业部/技术部/业务研发中心/资产管理研发组
流程工厂,309,公司/美团/核心本地商业/业务研发平台/搜索和推荐平台部/团工程部/工程效率组
流程工厂,308,公司/美团/金融服务平台/技术平台/业务平台研发/权益履约研发
流程工厂,306,公司/美团/核心本地商业/基础研发平台/企业平台研发部/HR和CAP产研/CAP研发/行政研发
流程工厂,292,公司/美团/食杂零售/研发部/优选商城研发组/商城终端组/基础服务组
流程工厂,292,公司/美团/食杂零售/研发部/小象研发组/供应链研发组/单据和库存管理研发组
流程工厂,286,公司/美团/金融服务平台/技术平台/数据智能/智能交互/营销及交互引擎研发
流程工厂,284,公司/美团/核心本地商业/业务研发平台/美团平台技术部/服体技术部/智能和通讯技术中心/智能客服平台组
流程工厂,281,公司/美团/核心本地商业/业务研发平台/交易系统平台部/营销中心/前端组
流程工厂,281,公司/美团/财务平台/财务科技/财务研发/财管报技术
流程工厂,274,公司/美团/核心本地商业/业务研发平台/交易系统平台部/业务集成组/基础平台组
流程工厂,270,公司/美团/食杂零售/研发部/平台研发组/财务研发组/优选财务研发组
流程工厂,268,公司/美团/核心本地商业/基础研发平台/企业平台研发部/HR和CAP产研/CAP研发/采购和法务研发
流程工厂,261,公司/美团/核心本地商业/业务研发平台/美团平台技术部/App技术部/平台技术中心/业务后台组
流程工厂,260,公司/美团/核心本地商业/业务研发平台/业务系统平台部/营销平台/优惠券组
流程工厂,256,公司/美团/核心本地商业/业务研发平台/搜索和推荐平台部/到家工程组/搜索工程组
流程工厂,246,公司/美团/软硬件服务/骑行事业部/技术部/业务研发中心/交易服务组
流程工厂,242,公司/美团/核心本地商业/业务研发平台/闪购技术部/用户研发组/流量交易组
流程工厂,242,公司/美团/财务平台/财务科技/财务研发/税务技术
流程工厂,238,公司/美团/食杂零售/研发部/平台研发组/财务研发组/账务研发组
流程工厂,233,公司/美团/食杂零售/研发部/平台研发组/财务研发组/财务数据研发组
流程工厂,232,公司/美团/食杂零售/研发部/平台研发组/财务研发组/财务基础平台组
流程工厂,229,公司/美团/软硬件服务/充电宝业务部/智能硬件组/软件研发组
流程工厂,228,公司/美团/核心本地商业/基础研发平台/企业平台研发部/HR和CAP产研/CAP研发/商户和公益研发
流程工厂,227,公司/美团/核心本地商业/业务研发平台/外卖技术部/企业技术组/增长与效能组
流程工厂,219,公司/美团/核心本地商业/基础研发平台/企业平台研发部/HR和CAP产研/HR研发
流程工厂,207,公司/美团/食杂零售/研发部/平台研发组/财务研发组/小象财务研发组
流程工厂,201,公司/美团/食杂零售/研发部/小象研发组/供应链研发组/仓储研发组
流程工厂,199,公司/美团/核心本地商业/业务研发平台/质效技术部/质量效能部/工程效能组/自动化测试平台组
流程工厂,198,公司/美团/核心本地商业/业务研发平台/成都研发中心/合作商研发组
流程工厂,198,公司/美团/金融服务平台/技术平台/业务平台研发/权益履约研发
流程工厂,194,公司/美团/核心本地商业/业务研发平台/闪购技术部/供应链研发组/供应链计划组
流程工厂,188,公司/美团/核心本地商业/业务研发平台/交易系统平台部/营销中心/优惠活动组
流程工厂,182,公司/美团/财务平台/财务科技/财务研发/账务技术
流程工厂,174,公司/美团/核心本地商业/业务研发平台/美团平台技术部/视频技术部/M22技术中心/创作者研发组
流程工厂,174,公司/美团/核心本地商业/业务研发平台/商业增值技术部/商家及运营系统组/计费结算系统组
流程工厂,172,公司/美团/财务平台/财务科技/财务研发/内控技术
流程工厂,171,公司/美团/财务平台/财务科技/财务研发/税务技术
流程工厂,162,公司/美团/核心本地商业/美团平台/地图服务部/地图应用技术部/后台开发组
流程工厂,162,公司/美团/核心本地商业/业务研发平台/履约平台技术部/履约系统组/调度系统组
流程工厂,162,公司/美团/金融服务平台/技术平台/风险研发/信贷风险研发
流程工厂,157,公司/美团/软硬件服务/骑行事业部/技术部/业务研发中心/库内运营研发组
流程工厂,154,公司/美团/食杂零售/研发部/优选商城研发组/门店销售研发组
流程工厂,149,公司/美团/食杂零售/研发部/优选商城研发组/展销交易研发组
流程工厂,148,公司/美团/财务平台/财务科技/财务研发/内控技术
流程工厂,141,公司/美团/核心本地商业/业务研发平台/闪购技术部/商家研发组/入驻系统组
流程工厂,140,公司/美团/核心本地商业/基础研发平台/企业平台研发部/HR和CAP产研/CAP研发/外事和风险廉正研发
流程工厂,139,公司/美团/核心本地商业/业务研发平台/质效技术部/质量效能部/商业增值测试组/推荐广告测试组
流程工厂,138,公司/美团/食杂零售/研发部/优选商城研发组/门店销售研发组
流程工厂,131,公司/美团/核心本地商业/业务研发平台/美团平台技术部/视频技术部/M26技术中心/商家后端组/商家与服务商研发组
流程工厂,130,公司/美团/食杂零售/研发部/优选商城研发组/营销研发组
流程工厂,125,公司/美团/核心本地商业/基础研发平台/企业平台研发部/HR和CAP产研/应用平台
流程工厂,125,公司/美团/核心本地商业/业务研发平台/质效技术部/质量效能部/外卖与平台测试组/外卖用户和搜推测试组
流程工厂,122,公司/美团/点评事业部/技术部/星级评价研发/评价产品和公信力研发
流程工厂,118,公司/美团/软硬件服务/骑行事业部/技术部/业务研发中心/骑行服务组
流程工厂,118,公司/美团/核心本地商业/基础研发平台/计算和智能平台部/语音交互部/工程技术中心/智能客服工程组
流程工厂,116,公司/美团/食杂零售/研发部/快驴研发组/终端研发组/商采价格品控Web组
流程工厂,113,公司/美团/食杂零售/研发部/小象研发组/履约研发组
流程工厂,111,公司/美团/点评事业部/技术部/增长技术/平台运营技术
流程工厂,111,公司/美团/核心本地商业/基础研发平台/信息安全部/安全技术/智能决策技术
流程工厂,108,公司/美团/核心本地商业/基础研发平台/信息安全部/流量和身份可信/前端策略
流程工厂,106,公司/美团/金融服务平台/技术平台/业务平台研发/渠道玩法研发/玩法研发
流程工厂,100,公司/美团/核心本地商业/业务研发平台/外卖技术部/终端组/用户研发组/内容与搜索组
流程工厂,98,公司/美团/财务平台/财务科技/财务研发/资金技术
流程工厂,94,公司/美团/核心本地商业/业务研发平台/业务系统平台部/商家客户平台/客户平台组
流程工厂,88,公司/美团/点评事业部/技术部/星级评价研发/评价产品和公信力研发
流程工厂,87,公司/美团/核心本地商业/业务研发平台/美团平台技术部/服体技术部/智能和通讯技术中心
流程工厂,86,公司/美团/食杂零售/研发部/小象研发组/履约研发组
流程工厂,84,公司/美团/核心本地商业/业务研发平台/商业增值技术部/站外组/工程组
流程工厂,83,公司/美团/食杂零售/研发部/平台研发组/风控内控研发组
流程工厂,82,公司/美团/核心本地商业/业务研发平台/美团平台技术部/增长技术部/营销技术中心/工具后台组
流程工厂,81,公司/美团/食杂零售/研发部/平台研发组/AIoT/AIoT平台研发组
流程工厂,79,公司/美团/核心本地商业/业务研发平台/交易系统平台部/会员中心/权益组
流程工厂,79,公司/美团/核心本地商业/业务研发平台/美团平台技术部/App技术部/增长前端和站外技术中心/营销活动组
流程工厂,78,公司/美团/软硬件服务/骑行事业部/技术部/基础服务研发中心/IoT研发组
流程工厂,75,公司/美团/核心本地商业/基础研发平台/企业平台研发部/HR和CAP产研/HR研发
流程工厂,70,公司/美团/核心本地商业/业务研发平台/业务系统平台部/交易结算平台/结算基础能力
流程工厂,70,公司/美团/核心本地商业/基础研发平台/数据平台部/美团平台数据BP/服务体验/分析系统及算法
流程工厂,68,公司/美团/核心本地商业/业务研发平台/外卖技术部/企业技术组/增长与效能组
流程工厂,68,公司/美团/核心本地商业/业务研发平台/业务系统平台部/行业合作平台/基础能力组
流程工厂,64,公司/美团/核心本地商业/业务研发平台/闪购技术部/多渠道SaaS研发组/SaaS基建研发组
流程工厂,64,公司/美团/财务平台/财务科技/财务研发/内控技术
流程工厂,63,公司/美团/核心本地商业/业务研发平台/业务系统平台部/交易结算平台/资金基础能力
流程工厂,62,公司/美团/金融服务平台/技术平台/支付收付研发/交易研发/资金交易研发
流程工厂,62,公司/美团/核心本地商业/业务研发平台/履约平台技术部/智能硬件组/IoT应用系统组
流程工厂,58,公司/美团/核心本地商业/业务研发平台/质效技术部/质量效能部/医药测试组/医药供给测试组
流程工厂,56,公司/美团/核心本地商业/业务研发平台/交易系统平台部/营销中心/优惠活动组
流程工厂,53,公司/美团/核心本地商业/业务研发平台/闪购技术部/用户研发组/流量交易组
流程工厂,52,公司/美团/软硬件服务/SaaS事业部/SaaS技术部/餐饮软件平台研发组/商品研发组/基础服务研发组
流程工厂,51,公司/美团/核心本地商业/基础研发平台/企业平台研发部/HR和CAP产研/HR研发
流程工厂,50,公司/美团/核心本地商业/美团平台/地图服务部/POI基础技术部/情报与审核工程组/流程平台和服务组
流程工厂,50,公司/美团/食杂零售/研发部/优选物流研发组/供应链研发组
流程工厂,50,公司/美团/核心本地商业/业务研发平台/外卖技术部/终端组/基础研发组
流程工厂,50,公司/美团/核心本地商业/基础研发平台/企业平台研发部/办公效率/办公效率后端/沟通平台
流程工厂,46,公司/美团/核心本地商业/业务研发平台/商业增值技术部/站外组/工程组
流程工厂,46,公司/美团/核心本地商业/基础研发平台/信息安全部/流量和身份可信/反爬/反爬研发
流程工厂,44,公司/美团/金融服务平台/技术平台/风险研发/决策平台研发
流程工厂,43,公司/美团/核心本地商业/基础研发平台/企业平台研发部/办公效率/办公效率后端/沟通平台
流程工厂,43,公司/美团/金融服务平台/技术平台/微贷研发/微贷销售研发
流程工厂,42,公司/美团/核心本地商业/业务研发平台/酒旅技术部/住宿研发组/住吧组
流程工厂,40,公司/美团/核心本地商业/基础研发平台/信息安全部/安全技术/基础安全技术
流程工厂,40,公司/美团/核心本地商业/基础研发平台/基础技术部/基础软件研发/集群管理
流程工厂,40,公司/美团/核心本地商业/基础研发平台/企业平台研发部/HR和CAP产研/HR研发
流程工厂,37,公司/美团/核心本地商业/基础研发平台/企业平台研发部/HR和CAP产研/CAP研发/外事和风险廉正研发
流程工厂,36,公司/美团/核心本地商业/基础研发平台/企业平台研发部/HR和CAP产研/CAP研发/采购和法务研发
流程工厂,36,公司/美团/核心本地商业/业务研发平台/美团平台技术部/增长技术部/运营技术中心/活动平台组
流程工厂,35,公司/美团/食杂零售/研发部/优选商城研发组/社群研发组
流程工厂,35,公司/美团/核心本地商业/业务研发平台/闪购技术部/物流研发组/仓配履约组
流程工厂,33,公司/美团/核心本地商业/业务研发平台/搜索和推荐平台部/团工程部/工程效率组
流程工厂,32,公司/美团/软硬件服务/骑行事业部/技术部/运营环境研发中心/运营环境研发组
流程工厂,32,公司/美团/食杂零售/研发部/优选商城研发组/门店销售研发组
流程工厂,29,公司/美团/核心本地商业/业务研发平台/美团平台技术部/App技术部/平台技术中心/业务后台组
流程工厂,28,公司/美团/食杂零售/研发部/小象研发组/用户研发组/营销研发组
流程工厂,28,公司/美团/食杂零售/研发部/平台研发组/财务研发组/账务研发组
流程工厂,28,公司/美团/软硬件服务/骑行事业部/技术部/业务研发中心/资产管理研发组
流程工厂,28,公司/美团/核心本地商业/基础研发平台/基础技术部/服务运维/运维综效/服务体验保障
流程工厂,26,公司/美团/核心本地商业/业务研发平台/商业增值技术部/商家及运营系统组/商家投放系统组/合约与增值组
流程工厂,26,公司/美团/核心本地商业/业务研发平台/交易系统平台部/结算中心/结算记账组
流程工厂,26,公司/美团/核心本地商业/业务研发平台/商业增值技术部/商家及运营系统组/供给增长系统组
流程工厂,25,公司/美团/核心本地商业/业务研发平台/美团平台技术部/视频技术部/点播架构组/点播云服务组
流程工厂,25,公司/美团/核心本地商业/业务研发平台/美团平台技术部/App技术部/平台技术中心/终端后台组
流程工厂,24,公司/美团/核心本地商业/业务研发平台/闪购技术部/物流研发组/仓配履约组
流程工厂,24,公司/美团/金融服务平台/技术平台/微贷研发/微贷基础研发
流程工厂,24,公司/美团/核心本地商业/基础研发平台/基础技术部/服务运维/故障管理开发
流程工厂,22,公司/美团/金融服务平台/技术平台/风险研发/决策平台研发
流程工厂,22,公司/美团/点评事业部/技术部/笔记业务研发/用户运营技术
流程工厂,22,公司/美团/核心本地商业/业务研发平台/业务系统平台部/交易结算平台/跨行业能力
流程工厂,21,公司/美团/核心本地商业/业务研发平台/美团平台技术部/服体技术部/太平洋技术中心/基础平台组
流程工厂,20,公司/美团/核心本地商业/基础研发平台/企业平台研发部/HR和CAP产研/CAP研发/行政研发
流程工厂,18,公司/美团/点评事业部/技术部/星级评价研发/评价产品和公信力研发
流程工厂,18,公司/美团/核心本地商业/业务研发平台/商业增值技术部/商家及运营系统组/商家投放系统组/合约与增值组
流程工厂,18,公司/美团/核心本地商业/业务研发平台/到餐技术部/流量运营研发组/频道前端组
流程工厂,18,公司/美团/核心本地商业/业务研发平台/美团平台技术部/网约车技术部/业务系统研发
流程工厂,18,公司/美团/核心本地商业/业务研发平台/商业增值技术部/引擎组/公共技术组/系统框架组
流程工厂,17,公司/美团/核心本地商业/业务研发平台/医药技术部/终端研发组/供给终端组
流程工厂,17,公司/美团/核心本地商业/业务研发平台/美团平台技术部/网约车技术部/交易策略研发
流程工厂,17,公司/美团/核心本地商业/业务研发平台/到综技术部/用户体验组/体验治理组
流程工厂,16,公司/美团/软硬件服务/骑行事业部/技术部/前端研发中心/管理系统组
流程工厂,16,公司/美团/核心本地商业/业务研发平台/酒旅技术部/门票度假研发组/度假用户前端组
流程工厂,16,公司/美团/核心本地商业/基础研发平台/企业平台研发部/HR和CAP产研/CAP研发/外事和风险廉正研发
流程工厂,16,公司/美团/核心本地商业/美团平台/地图服务部/路网路线技术部/流程架构组
流程工厂,15,公司/美团/食杂零售/研发部/优选商城研发组/展销交易研发组
流程工厂,14,公司/美团/食杂零售/研发部/平台研发组/AIoT/AIoT平台研发组
流程工厂,14,公司/美团/核心本地商业/业务研发平台/美团平台技术部/网约车技术部/风控结算和营销工程
流程工厂,14,公司/美团/金融服务平台/技术平台/微贷研发/微贷销售研发
流程工厂,13,公司/美团/食杂零售/研发部/优选商城研发组/营销研发组
流程工厂,13,公司/美团/软硬件服务/SaaS事业部/SaaS技术部/酒店SaaS研发组/门店及管控研发组
流程工厂,13,公司/美团/无人机业务部/软件产品研发/云端系统/分布式云
流程工厂,13,公司/美团/核心本地商业/业务研发平台/质效技术部/质量工程部/业务保障平台研发组
流程工厂,12,公司/美团/食杂零售/研发部/优选商城研发组/门店销售研发组
流程工厂,12,公司/美团/核心本地商业/业务研发平台/业务系统平台部/销售支持平台/到综组
流程工厂,11,公司/美团/财务平台/财务科技/财务研发/账务技术
流程工厂,11,公司/美团/软硬件服务/骑行事业部/技术部/业务研发中心/库内运营研发组
流程工厂,10,公司/美团/核心本地商业/业务研发平台/成都研发中心/CRM研发组/客户服务组
流程工厂,10,公司/美团/核心本地商业/业务研发平台/美团平台技术部/服体技术部/风控和舆情技术中心
流程工厂,10,公司/美团/核心本地商业/业务研发平台/美团平台技术部/网约车技术部/数据研发
流程工厂,9,公司/美团/软硬件服务/SaaS事业部/SaaS技术部/业务系统研发组
流程工厂,9,公司/美团/食杂零售/研发部/平台研发组/财务研发组/优选财务研发组
流程工厂,9,公司/美团/核心本地商业/基础研发平台/企业平台研发部/办公效率/办公效率后端/内容应用
流程工厂,9,公司/美团/核心本地商业/基础研发平台/计算和智能平台部/M17/IASA/FMA
流程工厂,9,公司/美团/核心本地商业/业务研发平台/交易系统平台部/营销中心/优惠活动组
流程工厂,9,公司/美团/核心本地商业/业务研发平台/业务系统平台部/交易结算平台/结算基础能力
流程工厂,8,公司/美团/核心本地商业/基础研发平台/企业平台研发部/HR和CAP产研/CAP研发/外事和风险廉正研发
流程工厂,8,公司/美团/核心本地商业/业务研发平台/业务系统平台部/营销平台/到综组
流程工厂,8,公司/美团/财务平台/财务科技/财务研发/内控技术
流程工厂,8,公司/美团/金融服务平台/技术平台/风险研发/信贷风险研发
流程工厂,8,公司/美团/核心本地商业/业务研发平台/外卖技术部/企业技术组/增长与效能组
流程工厂,8,公司/美团/核心本地商业/业务研发平台/质效技术部/质量效能部/闪购测试组/闪购新业务测试组
流程工厂,8,公司/美团/财务平台/财务科技/财务研发/税务技术
流程工厂,8,公司/美团/金融服务平台/技术平台/微贷研发/微贷助贷研发
流程工厂,8,公司/美团/食杂零售/研发部/平台研发组/AIoT/AIoT平台研发组
流程工厂,8,公司/美团/核心本地商业/基础研发平台/企业平台研发部/HR和CAP产研/CAP研发/商户和公益研发
流程工厂,8,公司/美团/无人机业务部/软件产品研发/云端系统/公共服务
流程工厂,8,公司/美团/核心本地商业/美团平台/地图服务部/POI基础技术部/情报与审核工程组/生态后端组
流程工厂,6,公司/美团/核心本地商业/基础研发平台/研发质量与效率部/智能开发工具组/MCopilot IDE和插件组
流程工厂,6,公司/美团/核心本地商业/基础研发平台/信息安全部/安全技术/风险解决方案技术
流程工厂,6,公司/美团/食杂零售/研发部/平台研发组/风控内控研发组
流程工厂,6,公司/美团/核心本地商业/业务研发平台/到餐技术部/用户体验研发组/履约服务后端组
流程工厂,5,公司/美团/食杂零售/研发部/优选商城研发组/门店销售研发组
流程工厂,5,公司/美团/核心本地商业/业务研发平台/美团平台技术部/App技术部/平台技术中心/账号后台组
流程工厂,5,公司/美团/核心本地商业/业务研发平台/成都研发中心/前端组/CRM工具研发组
流程工厂,5,公司/美团/核心本地商业/基础研发平台/计算和智能平台部/计算平台部/机器学习平台组/平台研发组
流程工厂,5,公司/美团/软硬件服务/骑行事业部/技术部/基础服务研发中心/数据运营组
流程工厂,5,公司/美团/核心本地商业/基础研发平台/信息安全部/安全技术/智能数据技术/安监研发
流程工厂,5,公司/美团/核心本地商业/美团平台/地图服务部/地图应用技术部/后台开发组
流程工厂,5,公司/美团/核心本地商业/业务研发平台/成都研发中心/CRM研发组/运营合规组
流程工厂,4,公司/美团/核心本地商业/业务研发平台/商业增值技术部/前端一组/流量广告组
流程工厂,4,公司/美团/核心本地商业/基础研发平台/数据平台部/业务数据BP/履约平台/基础数据组
流程工厂,4,公司/美团/食杂零售/研发部/优选商城研发组/门店销售研发组
流程工厂,4,公司/美团/点评事业部/技术部/App基础技术/基础技术终端
流程工厂,4,公司/美团/食杂零售/研发部/优选商城研发组/营销研发组
流程工厂,4,公司/美团/金融服务平台/技术平台/风险研发/决策平台研发
流程工厂,4,公司/美团/核心本地商业/业务研发平台/商业增值技术部/前端一组/供给增长组
流程工厂,4,公司/美团/点评事业部/技术部/笔记业务研发/生态治理技术
流程工厂,3,公司/美团/核心本地商业/业务研发平台/闪购技术部/用户研发组/运营支撑组
流程工厂,3,公司/美团/点评事业部/技术部/增长技术/触达工程
流程工厂,3,公司/美团/核心本地商业/业务研发平台/搜索和推荐平台部/团工程部/工程效率组
流程工厂,2,公司/美团/核心本地商业/业务研发平台/医药技术部/营销交易组/营销增长组
流程工厂,2,公司/美团/核心本地商业/业务研发平台/外卖技术部/企业技术组/增长与效能组
流程工厂,2,公司/美团/核心本地商业/基础研发平台/信息安全部/安全能力
流程工厂,2,公司/美团/核心本地商业/业务研发平台/商业增值技术部/引擎组/搜索广告组
流程工厂,2,公司/美团/金融服务平台/技术平台/支付账户研发/收银台
流程工厂,2,公司/美团/点评事业部/技术部/笔记业务研发/商业技术
流程工厂,2,公司/美团/软硬件服务/充电宝业务部/技术组/用户和资产运营组
流程工厂,2,公司/美团/点评事业部/技术部/增长技术/平台运营技术
流程工厂,2,公司/美团/软硬件服务/骑行事业部/技术部/基础服务研发中心/IoT研发组
流程工厂,1,公司/美团/食杂零售/研发部/数据组/数据系统组
流程工厂,1,公司/美团/核心本地商业/业务研发平台/美团平台技术部/App技术部/平台技术中心/账号后台组
流程工厂,1,公司/美团/食杂零售/研发部/小象研发组/履约研发组
流程工厂,1,公司/美团/核心本地商业/基础研发平台/信息安全部/安全技术/内容安全技术
流程工厂,1,公司/美团/软硬件服务/骑行事业部/技术部/业务研发中心/骑行服务组
流程工厂,1,公司/美团/核心本地商业/基础研发平台/数据平台部/业务数据BP/闪购/流量数据组
流程工厂,1,公司/美团/核心本地商业/基础研发平台/基础技术部/中间件研发/服务框架
流程工厂,1,公司/美团/财务平台/财务科技/财务研发/费控技术
流程工厂,1,公司/美团/点评事业部/技术部/笔记业务研发/商业技术
流程工厂,1,公司/美团/核心本地商业/业务研发平台/业务系统平台部/交易结算平台/餐综结算
流程工厂,1,公司/美团/食杂零售/研发部/平台研发组/财务研发组/小象财务研发组
流程工厂,1,公司/美团/核心本地商业/业务研发平台/质效技术部/质量工程部/业务保障平台研发组
gravity,1685614637,公司/美团/核心本地商业/业务研发平台/履约平台技术部/业务系统组/成都研发组
gravity,114320542,公司/美团/核心本地商业/业务研发平台/交易系统平台部/营销中心/优惠活动组
gravity,89215505,公司/美团/核心本地商业/业务研发平台/成都研发中心/平台运营研发组/系统工具组
gravity,84708104,公司/美团/核心本地商业/业务研发平台/业务系统平台部/交易结算平台/结算基础能力
gravity,44190968,公司/美团/食杂零售/研发部/快驴研发组/商品和供应链研发组/合作商管理和供应链计划组
gravity,36859656,公司/美团/核心本地商业/业务研发平台/商业增值技术部/商家及运营系统组/合同售卖系统组
gravity,32147510,公司/美团/核心本地商业/业务研发平台/业务系统平台部/供应链商品平台/到餐组
gravity,28472867,公司/美团/软硬件服务/骑行事业部/技术部/业务研发中心/库外运营研发组
gravity,26493857,公司/美团/核心本地商业/业务研发平台/业务系统平台部/销售支持平台/住宿门票组
gravity,24620347,公司/美团/核心本地商业/基础研发平台/数据平台部/业务数据BP/到店数据/数据工程
gravity,23718068,公司/美团/金融服务平台/技术平台/保险平台研发/理赔服务研发
gravity,22344190,公司/美团/食杂零售/研发部/优选商城研发组/商品研发组/品控研发组
gravity,9082835,公司/美团/金融服务平台/技术平台/支付收付研发/支付商户产品研发/商户与钱包研发/商户研发
gravity,7705649,公司/美团/软硬件服务/充电宝业务部/技术组/用户和资产运营组
gravity,7579476,公司/美团/核心本地商业/业务研发平台/交易系统平台部/商品中心/商品供给平台组
gravity,7522411,公司/美团/核心本地商业/基础研发平台/信息安全部/安全技术/内容安全技术
gravity,7171497,公司/美团/食杂零售/研发部/快驴研发组/交易履约研发组/订单组
gravity,6588948,公司/美团/核心本地商业/业务研发平台/外卖技术部/商家组/门店系统组
gravity,6491485,公司/美团/核心本地商业/业务研发平台/外卖技术部/企业技术组/企业管控组
gravity,6026852,公司/美团/核心本地商业/业务研发平台/业务系统平台部/销售支持平台/到餐组
gravity,5308368,公司/美团/食杂零售/研发部/优选商城研发组/商品研发组/商品中心研发组
gravity,3902342,公司/美团/核心本地商业/业务研发平台/成都研发中心/平台运营研发组/管理工具组
gravity,3284688,公司/美团/核心本地商业/业务研发平台/美团平台技术部/服体技术部/资源建设技术中心
gravity,2757282,公司/美团/食杂零售/研发部/平台研发组/劳动力研发组
gravity,2556165,公司/美团/核心本地商业/业务研发平台/美团平台技术部/服体技术部/智能和通讯技术中心/智能客服平台组
gravity,2329194,公司/美团/核心本地商业/业务研发平台/美团平台技术部/服体技术部/资源建设技术中心
gravity,2262052,公司/美团/核心本地商业/业务研发平台/成都研发中心/平台运营研发组/系统工具组
gravity,2181561,公司/美团/食杂零售/研发部/平台研发组/财务研发组/快驴财务研发组
gravity,1731066,公司/美团/核心本地商业/业务研发平台/美团平台技术部/服体技术部/太平洋技术中心/基础平台组
gravity,1645749,公司/美团/核心本地商业/业务研发平台/商业增值技术部/商家及运营系统组/供给增长系统组
gravity,1553609,公司/美团/食杂零售/研发部/优选商城研发组/商品研发组/选品研发组
gravity,1305813,公司/美团/金融服务平台/技术平台/支付收付研发/支付商户产品研发/商户与钱包研发/商户研发
gravity,1234367,公司/美团/食杂零售/研发部/平台研发组/AIoT/AIoT平台研发组
gravity,1227688,公司/美团/核心本地商业/基础研发平台/信息安全部/安全技术/风险解决方案技术
gravity,1225365,公司/美团/食杂零售/研发部/小象研发组/商品研发组
gravity,1169265,公司/美团/核心本地商业/基础研发平台/企业平台研发部/办公效率/办公效率后端/流程和TT研发组
gravity,1164587,公司/美团/软硬件服务/充电宝业务部/技术组/自营渠道效率组
gravity,1121208,公司/美团/核心本地商业/基础研发平台/基础技术部/服务运维/运维工具开发
gravity,1087624,公司/美团/食杂零售/研发部/优选商城研发组/营销研发组
gravity,1066808,公司/美团/食杂零售/优选事业部/研发部/平台研发组/基础运营研发组
gravity,1046386,公司/美团/核心本地商业/基础研发平台/基础技术部/基础软件研发/技术保障
gravity,943528,公司/美团/核心本地商业/基础研发平台/数据平台部/公共数据研发/公共数据服务/隐私计算
gravity,868737,公司/美团/软硬件服务/SaaS事业部/SaaS技术部/业务系统研发组
gravity,862779,公司/美团/核心本地商业/业务研发平台/交易系统平台部/会员中心/活动营销组
gravity,838683,公司/美团/核心本地商业/业务研发平台/业务系统平台部/供应链商品平台/住宿组
gravity,775027,公司/美团/核心本地商业/业务研发平台/业务系统平台部/商家客户平台/客户平台组
gravity,731915,公司/美团/金融服务平台/技术平台/风险研发/信贷风险研发
gravity,661967,公司/美团/核心本地商业/业务研发平台/业务系统平台部/销售支持平台/住宿门票组
gravity,512611,公司/美团/核心本地商业/业务研发平台/到餐技术部/用户体验研发组/履约服务后端组
gravity,491791,公司/美团/核心本地商业/业务研发平台/商业增值技术部/商家及运营系统组/供给增长系统组
gravity,460332,公司/美团/核心本地商业/业务研发平台/美团平台技术部/服体技术部/前端技术中心/资源管理组
gravity,453025,公司/美团/核心本地商业/基础研发平台/基础技术部/基础软件研发/技术保障
gravity,449987,公司/美团/核心本地商业/业务研发平台/业务系统平台部/商家客户平台/客户平台组
gravity,433620,公司/美团/金融服务平台/技术平台/保险平台研发/理赔服务研发
gravity,368242,公司/美团/软硬件服务/充电宝业务部/技术组/财务结算组
gravity,355908,公司/美团/软硬件服务/SaaS事业部/SaaS技术部/业务系统研发组
gravity,343921,公司/美团/软硬件服务/SaaS事业部/SaaS技术部/业务系统研发组
gravity,329612,公司/美团/核心本地商业/业务研发平台/闪购技术部/商家研发组/入驻系统组
gravity,296782,公司/美团/核心本地商业/业务研发平台/交易系统平台部/营销中心/优惠活动组
gravity,269666,公司/美团/核心本地商业/业务研发平台/成都研发中心/CRM研发组/基础服务组
gravity,257074,公司/美团/核心本地商业/业务研发平台/业务系统平台部/供应链商品平台/基础能力
gravity,241135,公司/美团/软硬件服务/充电宝业务部/技术组/自营渠道效率组
gravity,223119,公司/美团/软硬件服务/SaaS事业部/SaaS技术部/业务系统研发组
gravity,220163,公司/美团/软硬件服务/SaaS事业部/硬件产品组/软件开发组/后台软件开发组
gravity,198950,公司/美团/食杂零售/优选事业部/研发部/平台研发组/基础运营研发组
gravity,194541,公司/美团/食杂零售/研发部/快驴研发组/交易履约研发组/配送组
gravity,172789,公司/美团/核心本地商业/业务研发平台/酒旅技术部/增长组
gravity,171965,公司/美团/核心本地商业/业务研发平台/业务系统平台部/供应链商品平台/住宿组
gravity,171949,公司/美团/核心本地商业/业务研发平台/业务系统平台部/销售支持平台/到餐组
gravity,146661,公司/美团/核心本地商业/基础研发平台/基础技术部/基础设施/服务器/服务器工具
gravity,138093,公司/美团/核心本地商业/基础研发平台/信息安全部/安全技术/基础安全技术
gravity,130121,公司/美团/核心本地商业/业务研发平台/业务系统平台部/交易结算平台/餐综结算
gravity,122550,公司/美团/核心本地商业/基础研发平台/基础技术部/基础软件研发/技术保障
gravity,120299,公司/美团/核心本地商业/业务研发平台/业务系统平台部/商家客户平台/客户平台组
gravity,106503,公司/美团/食杂零售/优选事业部/研发部/优选物流研发组/网格站研发组
gravity,85748,公司/美团/核心本地商业/业务研发平台/美团平台技术部/网约车技术部/业务系统研发
gravity,85206,公司/美团/核心本地商业/业务研发平台/业务系统平台部/供应链商品平台/到餐组
gravity,84190,公司/美团/核心本地商业/业务研发平台/美团平台技术部/服体技术部/资源建设技术中心
gravity,83841,公司/美团/核心本地商业/业务研发平台/业务系统平台部/供应链商品平台/门票组
gravity,79151,公司/美团/核心本地商业/业务研发平台/美团平台技术部/App技术部/游戏和小说技术中心/游戏平台组
gravity,77666,公司/美团/核心本地商业/基础研发平台/企业平台研发部/HR和CAP产研/CAP研发/外事和风险廉正研发
gravity,75708,公司/美团/核心本地商业/业务研发平台/外卖技术部/商家组/合同系统组
gravity,66078,公司/美团/核心本地商业/业务研发平台/成都研发中心/合作商研发组
gravity,64215,公司/美团/核心本地商业/业务研发平台/酒旅技术部/供给优化组
gravity,62008,公司/美团/核心本地商业/业务研发平台/外卖技术部/商家组/合同系统组
gravity,58491,公司/美团/核心本地商业/业务研发平台/业务系统平台部/销售支持平台/到餐组
gravity,58019,公司/美团/食杂零售/优选事业部/研发部/平台研发组/基础运营研发组
gravity,53673,公司/美团/软硬件服务/SaaS事业部/SaaS技术部/业务系统研发组
gravity,50476,公司/美团/软硬件服务/SaaS事业部/SaaS技术部/业务系统研发组
gravity,49358,公司/美团/食杂零售/研发部/平台研发组/财务研发组/优选财务研发组
gravity,48670,公司/美团/核心本地商业/业务研发平台/业务系统平台部/商家客户平台/客户平台组
gravity,48554,公司/美团/核心本地商业/业务研发平台/业务系统平台部/营销平台/招商运营研发组
gravity,41386,公司/美团/核心本地商业/业务研发平台/成都研发中心/CRM研发组/客户服务组
gravity,37453,公司/美团/金融服务平台/技术平台/业务平台研发/支付保险营销研发/支付营销研发
gravity,36455,公司/美团/核心本地商业/基础研发平台/基础技术部/基础软件研发/技术保障
gravity,35267,公司/美团/食杂零售/研发部/平台研发组/财务研发组/快驴财务研发组
gravity,34335,公司/美团/核心本地商业/业务研发平台/交易系统平台部/结算中心/结算平台组
gravity,32643,公司/美团/核心本地商业/业务研发平台/业务系统平台部/交易结算平台/餐综结算
gravity,31681,公司/美团/食杂零售/研发部/优选商城研发组/团好货研发组
gravity,30800,公司/美团/核心本地商业/基础研发平台/研发质量与效率部/产品研发流程管理组/研发过程管理组
gravity,30687,公司/美团/核心本地商业/业务研发平台/美团平台技术部/服体技术部/太平洋技术中心/基础平台组
gravity,29981,公司/美团/核心本地商业/业务研发平台/履约平台技术部/运营系统组/运力增长组
gravity,29352,公司/美团/核心本地商业/业务研发平台/业务系统平台部/供应链商品平台/到综组
gravity,28227,公司/美团/核心本地商业/基础研发平台/计算和智能平台部/视觉智能部/工程技术/前端组
gravity,28182,公司/美团/核心本地商业/业务研发平台/业务系统平台部/营销平台/优惠立减组
gravity,27395,公司/美团/核心本地商业/业务研发平台/酒旅技术部/增长组
gravity,27086,公司/美团/点评事业部/技术部/增长技术/平台运营技术
gravity,26954,公司/美团/软硬件服务/SaaS事业部/SaaS技术部/酒店SaaS研发组/业务系统研发组
gravity,26052,公司/美团/核心本地商业/业务研发平台/业务系统平台部/商家客户平台/客户平台组
gravity,25614,公司/美团/食杂零售/优选事业部/研发部/平台研发组/财务研发组/快驴财务研发组
gravity,23537,公司/美团/核心本地商业/业务研发平台/业务系统平台部/供应链商品平台/到餐组
gravity,23444,公司/美团/核心本地商业/业务研发平台/美团平台技术部/服体技术部/资源建设技术中心
gravity,23431,公司/美团/食杂零售/研发部/优选商城研发组/团好货研发组
gravity,21554,公司/美团/财务平台/财务科技/财务研发/税务技术
gravity,20630,公司/美团/核心本地商业/业务研发平台/美团平台技术部/增长技术部/运营技术中心/流量运营组
gravity,16534,公司/美团/核心本地商业/基础研发平台/企业平台研发部/HR和CAP产研/CAP研发/外事和风险廉正研发
gravity,14957,公司/美团/核心本地商业/业务研发平台/业务系统平台部/交易结算平台/餐综结算
gravity,14336,公司/美团/核心本地商业/业务研发平台/业务系统平台部/商家客户平台/商家合作组
gravity,14130,公司/美团/金融服务平台/技术平台/支付收付研发/支付商户产品研发/服务平台研发
gravity,14118,猫眼娱乐/技术平台部/电影票务与基础平台研发中心/资产营销研发组
gravity,13524,公司/美团/软硬件服务/SaaS事业部/SaaS技术部/业务系统研发组
gravity,13450,猫眼娱乐/演出事业部/演出技术中心/自营业务组/后台研发组/供应链研发组
gravity,13189,公司/美团/核心本地商业/业务研发平台/业务系统平台部/销售支持平台/住宿门票组
gravity,11825,公司/美团/软硬件服务/骑行事业部/技术部/基础服务研发中心/商家与结算组
gravity,11674,公司/美团/核心本地商业/业务研发平台/交易系统平台部/营销中心/券平台组
gravity,10719,公司/美团/软硬件服务/SaaS事业部/SaaS技术部/业务系统研发组
gravity,10585,公司/美团/核心本地商业/业务研发平台/业务系统平台部/供应链商品平台/到餐组
gravity,10338,公司/美团/核心本地商业/业务研发平台/业务系统平台部/交易结算平台/资金基础能力
gravity,10158,公司/美团/金融服务平台/技术平台/支付收付研发/交易研发/资金交易研发
gravity,10001,公司/美团/核心本地商业/业务研发平台/医药技术部/赋能研发组/仓配研发组
gravity,9654,公司/美团/核心本地商业/业务研发平台/业务系统平台部/商家客户平台/住宿门票组
gravity,9189,公司/美团/核心本地商业/基础研发平台/数据平台部/业务数据BP/外卖/数据工程组
gravity,7353,公司/美团/核心本地商业/基础研发平台/基础技术部/基础软件研发/技术安全
gravity,7006,公司/美团/食杂零售/研发部/平台研发组/财务研发组/快驴财务研发组
gravity,6503,公司/美团/食杂零售/优选事业部/研发部/平台研发组/财务研发组/快驴财务研发组
gravity,6020,公司/美团/核心本地商业/业务研发平台/业务系统平台部/供应链商品平台/到餐组
gravity,5450,公司/美团/核心本地商业/基础研发平台/基础技术部/服务运维/运维综效/技术风险开发
gravity,5405,公司/美团/食杂零售/研发部/优选物流研发组/供应链研发组
gravity,4860,公司/美团/财务平台/财务科技/财务研发/税务技术
gravity,4860,公司/美团/核心本地商业/业务研发平台/业务系统平台部/供应链商品平台/到餐组
gravity,4431,公司/美团/点评事业部/技术部/笔记业务研发/生态治理技术
gravity,4381,公司/美团/食杂零售/研发部/平台研发组/财务研发组/快驴财务研发组
gravity,4248,公司/美团/财务平台/财务科技/财务研发/费控技术
gravity,3753,公司/美团/核心本地商业/业务研发平台/美团平台技术部/网约车技术部/业务系统研发
gravity,3348,公司/美团/核心本地商业/业务研发平台/美团平台技术部/网约车技术部/业务系统研发
gravity,3153,公司/美团/核心本地商业/业务研发平台/履约平台技术部/运营系统组/结算平台组
gravity,3105,公司/美团/核心本地商业/业务研发平台/美团平台技术部/网约车技术部/风控结算和营销工程
gravity,3054,公司/美团/核心本地商业/业务研发平台/成都研发中心/平台运营研发组/系统工具组
gravity,3048,公司/美团/核心本地商业/基础研发平台/数据平台部/业务数据BP/履约平台/运营数据组
gravity,2885,公司/美团/金融服务平台/技术平台/支付收付研发/支付商户产品研发/服务平台研发
gravity,2833,公司/美团/核心本地商业/基础研发平台/计算和智能平台部/视觉智能部/工程技术/前端组
gravity,2739,公司/美团/食杂零售/研发部/平台研发组/财务研发组/快驴财务研发组
gravity,2639,公司/美团/点评事业部/技术部/内容业务终端/智能创作
gravity,2435,公司/美团/核心本地商业/业务研发平台/业务系统平台部/供应链商品平台/到餐组
gravity,2401,公司/美团/核心本地商业/基础研发平台/基础技术部/基础软件研发/弹性产品
gravity,2161,公司/美团/核心本地商业/基础研发平台/基础技术部/基础设施/资源/云成本工具
gravity,2038,公司/美团/金融服务平台/技术平台/风险研发/支付风险研发
gravity,2000,公司/美团/核心本地商业/业务研发平台/业务系统平台部/供应链商品平台/到餐组
gravity,1910,公司/美团/核心本地商业/基础研发平台/基础技术部/服务运维/运维综效/技术风险开发
gravity,1895,公司/美团/金融服务平台/技术平台/业务平台研发/微贷联名卡营销研发
gravity,1690,公司/美团/核心本地商业/基础研发平台/信息安全部/安全技术/风险解决方案技术
gravity,1649,公司/美团/核心本地商业/业务研发平台/美团平台技术部/App技术部/游戏和小说技术中心/游戏平台组
gravity,1635,公司/美团/核心本地商业/基础研发平台/基础技术部/服务运维/运维综效/技术风险开发
gravity,1539,公司/美团/核心本地商业/基础研发平台/信息安全部/安全技术/风险解决方案技术
gravity,1511,公司/美团/食杂零售/研发部/优选商城研发组/商品研发组/供应商研发组
gravity,1462,公司/美团/核心本地商业/业务研发平台/美团平台技术部/服体技术部/太平洋技术中心/基础平台组
gravity,1343,公司/美团/食杂零售/优选事业部/研发部/平台研发组/基础运营研发组
gravity,1320,公司/美团/软硬件服务/充电宝业务部/技术组/财务结算组
gravity,1251,公司/美团/核心本地商业/业务研发平台/交易系统平台部/结算中心/结算平台组
gravity,1139,公司/美团/核心本地商业/业务研发平台/搜索和推荐平台部/到店大模型应用组
gravity,1100,公司/美团/食杂零售/优选事业部/研发部/平台研发组/基础运营研发组
gravity,1052,公司/美团/核心本地商业/业务研发平台/美团平台技术部/网约车技术部/交易策略研发
gravity,896,公司/美团/食杂零售/研发部/优选物流研发组/供应链研发组
gravity,873,公司/美团/核心本地商业/业务研发平台/履约平台技术部/运营系统组/业务管控组
gravity,851,公司/美团/核心本地商业/业务研发平台/外卖技术部/企业技术组/交易与财务组
gravity,808,公司/美团/核心本地商业/业务研发平台/业务系统平台部/供应链商品平台/门票组
gravity,755,公司/美团/核心本地商业/业务研发平台/业务系统平台部/商家客户平台/客户平台组
gravity,742,公司/美团/核心本地商业/业务研发平台/业务系统平台部/销售支持平台/住宿门票组
gravity,657,公司/美团/食杂零售/研发部/优选商城研发组/门店销售研发组
gravity,656,公司/美团/核心本地商业/业务研发平台/交易系统平台部/会员中心/活动组
gravity,632,公司/美团/核心本地商业/业务研发平台/成都研发中心/平台运营研发组/系统工具组
gravity,602,公司/美团/食杂零售/优选事业部/研发部/平台研发组/基础运营研发组
gravity,602,公司/美团/食杂零售/研发部/快驴研发组/商品和供应链研发组/合作商管理和供应链计划组
gravity,559,公司/美团/核心本地商业/业务研发平台/业务系统平台部/供应链商品平台/门票组
gravity,532,公司/美团/核心本地商业/业务研发平台/交易系统平台部/商品中心/商品类目标品组
gravity,520,公司/美团/核心本地商业/业务研发平台/业务系统平台部/商家客户平台/客户平台组
gravity,482,公司/美团/金融服务平台/技术平台/业务平台研发/渠道玩法研发/渠道研发
gravity,449,公司/美团/核心本地商业/业务研发平台/业务系统平台部/商家客户平台/客户平台组
gravity,448,公司/美团/食杂零售/优选事业部/研发部/平台研发组/基础运营研发组
gravity,390,公司/美团/金融服务平台/技术平台/业务平台研发/支付保险营销研发/支付营销研发
gravity,331,公司/美团/核心本地商业/业务研发平台/业务系统平台部/供应链商品平台/到餐组
gravity,331,公司/美团/食杂零售/优选事业部/研发部/平台研发组/财务研发组/快驴财务研发组
gravity,292,公司/美团/软硬件服务/骑行事业部/技术部/基础服务研发中心/商家与结算组
gravity,291,公司/美团/核心本地商业/业务研发平台/美团平台技术部/App技术部/游戏和小说技术中心/智子技术组
gravity,281,公司/美团/食杂零售/研发部/测试组/小象测试组/基础测试组
gravity,279,公司/美团/金融服务平台/技术平台/风险研发/风险催收研发
gravity,277,公司/美团/点评事业部/技术部/星级评价研发/评价产品和公信力研发
gravity,255,公司/美团/食杂零售/研发部/优选商城研发组/团好货研发组
gravity,254,公司/美团/金融服务平台/技术平台/支付账户研发/用户钱包研发
gravity,249,公司/美团/核心本地商业/业务研发平台/酒旅技术部/民宿研发组/营销与交易组
gravity,242,公司/美团/核心本地商业/业务研发平台/业务系统平台部/交易结算平台/餐综结算
gravity,239,公司/美团/核心本地商业/业务研发平台/业务系统平台部/销售支持平台/到餐组
gravity,228,公司/美团/核心本地商业/业务研发平台/美团平台技术部/网约车技术部/业务系统研发
gravity,226,公司/美团/金融服务平台/技术平台/支付收付研发/支付商户产品研发/服务平台研发
gravity,207,公司/美团/核心本地商业/美团平台/地图服务部/POI基础技术部/流程架构组
gravity,180,公司/美团/金融服务平台/技术平台/业务平台研发/权益履约研发
gravity,179,公司/美团/核心本地商业/业务研发平台/业务系统平台部/交易结算平台/结算基础能力
gravity,176,公司/美团/核心本地商业/基础研发平台/基础技术部/基础软件研发/集群管理
gravity,173,公司/美团/食杂零售/研发部/平台研发组/财务研发组/快驴财务研发组
gravity,168,公司/美团/核心本地商业/基础研发平台/基础技术部/服务运维/运维综效/技术风险开发
gravity,165,公司/美团/核心本地商业/基础研发平台/数据平台部/商业智能平台/数据安全
gravity,165,公司/美团/核心本地商业/业务研发平台/酒旅技术部/住宿研发组/分销组
gravity,152,公司/美团/核心本地商业/业务研发平台/酒旅技术部/供给优化组
gravity,151,公司/美团/核心本地商业/业务研发平台/商业增值技术部/商家及运营系统组/供给增长系统组
gravity,149,公司/美团/核心本地商业/业务研发平台/成都研发中心/CRM研发组/客户服务组
gravity,147,公司/美团/核心本地商业/业务研发平台/业务系统平台部/供应链商品平台/门票组
gravity,120,公司/美团/金融服务平台/技术平台/支付收付研发/技术风险防控/高可用
gravity,108,公司/美团/核心本地商业/业务研发平台/业务系统平台部/销售支持平台/住宿门票组
gravity,108,公司/美团/核心本地商业/业务研发平台/美团平台技术部/网约车技术部/风控结算和营销工程
gravity,94,公司/美团/核心本地商业/业务研发平台/闪购技术部/多渠道SaaS研发组/多渠道研发组
gravity,93,公司/美团/核心本地商业/业务研发平台/成都研发中心/CRM研发组/销售过程组
gravity,88,公司/美团/食杂零售/研发部/平台研发组/财务研发组/快驴财务研发组
gravity,77,公司/美团/核心本地商业/基础研发平台/企业平台研发部/HR和CAP产研/CAP研发/外事和风险廉正研发
gravity,67,公司/美团/核心本地商业/业务研发平台/美团平台技术部/网约车技术部/业务系统研发
gravity,53,公司/美团/核心本地商业/业务研发平台/酒旅技术部/民宿研发组/商品与流量组
gravity,48,猫眼娱乐/技术平台部/电影票务与基础平台研发中心/电影票务研发组
gravity,46,公司/美团/核心本地商业/业务研发平台/美团平台技术部/服体技术部/太平洋技术中心/基础平台组
gravity,45,公司/美团/食杂零售/研发部/优选商城研发组/商品研发组/供应商研发组
gravity,44,公司/美团/核心本地商业/业务研发平台/业务系统平台部/商家客户平台/客户平台组
gravity,40,公司/美团/核心本地商业/业务研发平台/业务系统平台部/商家客户平台/商家合作组
gravity,40,公司/美团/核心本地商业/业务研发平台/美团平台技术部/网约车技术部/风控结算和营销工程
gravity,40,公司/美团/食杂零售/研发部/平台研发组/财务研发组/快驴财务研发组
gravity,36,公司/美团/核心本地商业/业务研发平台/酒旅技术部/民宿研发组/房东组
gravity,35,公司/美团/自动车配送部/可靠性和运行时系统/业务和运力工程
gravity,34,公司/美团/食杂零售/研发部/平台研发组/财务研发组/快驴财务研发组
gravity,32,公司/美团/核心本地商业/业务研发平台/交易系统平台部/结算中心/结算计费组
gravity,30,公司/美团/核心本地商业/业务研发平台/业务系统平台部/业务平台框架研发组
gravity,30,公司/美团/食杂零售/研发部/优选商城研发组/团好货研发组
gravity,26,公司/美团/核心本地商业/业务研发平台/业务系统平台部/交易结算平台/餐综结算
gravity,24,公司/美团/核心本地商业/业务研发平台/业务系统平台部/商家客户平台/客户平台组
gravity,23,公司/美团/金融服务平台/技术平台/业务平台研发/渠道玩法研发/玩法研发
gravity,22,公司/美团/金融服务平台/技术平台/业务平台研发/权益履约研发
gravity,21,公司/美团/核心本地商业/业务研发平台/酒旅技术部/民宿研发组/营销与交易组
gravity,19,公司/美团/核心本地商业/业务研发平台/美团平台技术部/网约车技术部/业务系统研发
gravity,18,公司/美团/食杂零售/研发部/优选商城研发组/商品研发组/招采研发组
gravity,12,公司/美团/财务平台/财务科技/财务研发/税务技术
gravity,12,公司/美团/核心本地商业/业务研发平台/商业增值技术部/商家及运营系统组/合同售卖系统组
gravity,12,公司/美团/核心本地商业/基础研发平台/信息安全部/安全技术/风险解决方案技术
gravity,10,公司/美团/食杂零售/研发部/快驴研发组/交易履约研发组/履约服务组
gravity,10,公司/美团/食杂零售/研发部/平台研发组/基础运营研发组
gravity,9,公司/美团/核心本地商业/业务研发平台/酒旅技术部/增长组
gravity,8,公司/美团/软硬件服务/骑行事业部/技术部/运营环境研发中心/CRM研发组
gravity,7,公司/美团/核心本地商业/基础研发平台/数据平台部/业务数据BP/到店数据/数据工程
gravity,7,公司/美团/核心本地商业/业务研发平台/成都研发中心/CRM研发组/客户服务组
gravity,3,公司/美团/核心本地商业/业务研发平台/交易系统平台部/结算中心/结算平台组
gravity,2,公司/美团/核心本地商业/基础研发平台/数据平台部/业务数据BP/外卖/数据工程组
gravity,1,公司/美团/核心本地商业/基础研发平台/基础技术部/基础软件研发/技术保障
gravity,1,公司/美团/软硬件服务/SaaS事业部/SaaS技术部/业务系统研发组
gravity,1,公司/美团/食杂零售/研发部/快驴研发组/交易履约研发组/订单组
gravity,1,公司/美团/食杂零售/研发部/算法组/商城算法工程组